protocol,field,log_input,message_elements,codeword_elements,actual_inverse_rate,threads,execution_mode,warmups,repetitions,setup_ms,mean_ms,median_ms,min_ms,max_ms,cv_percent,mean_ns_per_input_element,gpu_h2d_mean_ms,gpu_kernel_mean_ms,gpu_d2h_mean_ms,gpu_cuda_total_mean_ms,public_repo_revision,notes
QA-CPU-Serial,Mersenne127,12,4096,8192,2.000000000,1,serial,5,10,0.078272,0.499333,0.498327,0.493701,0.5058,0.739213,121.90759277343749,,,,,c29f08653121637b456e4705d901d078cd6fc668,single QA codeword; existing serial per-row WHT path; output allocation included
QA-CPU-Parallel,Mersenne127,12,4096,8192,2.000000000,32,parallel-single-codeword,5,10,0.000000,1.863420,1.875643,1.788431,1.9335,3.031266,454.93647460937507,,,,,c29f08653121637b456e4705d901d078cd6fc668,single QA codeword; WHT butterfly blocks and pointwise products parallelized within the row; output allocation included
QA-GPU,Mersenne127,12,4096,8192,2.000000000,0,gpu,5,10,261.081256,0.056694,0.056352,0.056011,0.0583,1.291483,13.841430664062498,0.008608,0.032262,0.008957,0.049827,c29f08653121637b456e4705d901d078cd6fc668,pinned H2D + CUDA QA encoding + pinned D2H; CPU/GPU equality checked
QA-CPU-Serial,Mersenne127,13,8192,16384,2.000000000,1,serial,5,10,0.095362,1.024060,1.020053,1.018033,1.0547,1.019062,125.00726318359376,,,,,c29f08653121637b456e4705d901d078cd6fc668,single QA codeword; existing serial per-row WHT path; output allocation included
QA-CPU-Parallel,Mersenne127,13,8192,16384,2.000000000,32,parallel-single-codeword,5,10,0.000000,4.384561,4.391891,4.027093,4.6157,3.970136,535.2247314453126,,,,,c29f08653121637b456e4705d901d078cd6fc668,single QA codeword; WHT butterfly blocks and pointwise products parallelized within the row; output allocation included
QA-GPU,Mersenne127,13,8192,16384,2.000000000,0,gpu,5,10,3.594552,0.085751,0.084432,0.082991,0.0987,5.096664,10.46763916015625,0.013837,0.054006,0.007744,0.075587,c29f08653121637b456e4705d901d078cd6fc668,pinned H2D + CUDA QA encoding + pinned D2H; CPU/GPU equality checked
QA-CPU-Serial,Mersenne127,14,16384,32768,2.000000000,1,serial,5,10,0.337048,2.177500,2.175709,2.170150,2.1978,0.342137,132.90405273437497,,,,,c29f08653121637b456e4705d901d078cd6fc668,single QA codeword; existing serial per-row WHT path; output allocation included
QA-CPU-Parallel,Mersenne127,14,16384,32768,2.000000000,32,parallel-single-codeword,5,10,0.000000,6.868581,6.327111,6.173382,8.5054,12.890060,419.22492675781245,,,,,c29f08653121637b456e4705d901d078cd6fc668,single QA codeword; WHT butterfly blocks and pointwise products parallelized within the row; output allocation included
QA-GPU,Mersenne127,14,16384,32768,2.000000000,0,gpu,5,10,4.927054,0.103189,0.101923,0.101132,0.1124,3.115287,6.2981811523437505,0.019062,0.061376,0.012576,0.093014,c29f08653121637b456e4705d901d078cd6fc668,pinned H2D + CUDA QA encoding + pinned D2H; CPU/GPU equality checked
QA-CPU-Serial,Mersenne127,15,32768,65536,2.000000000,1,serial,5,10,1.282309,4.627789,4.626931,4.619996,4.6461,0.149505,141.22892456054686,,,,,c29f08653121637b456e4705d901d078cd6fc668,single QA codeword; existing serial per-row WHT path; output allocation included
QA-CPU-Parallel,Mersenne127,15,32768,65536,2.000000000,32,parallel-single-codeword,5,10,0.000000,10.643718,10.631490,10.321108,11.2206,2.120522,324.8204925537109,,,,,c29f08653121637b456e4705d901d078cd6fc668,single QA codeword; WHT butterfly blocks and pointwise products parallelized within the row; output allocation included
QA-GPU,Mersenne127,15,32768,65536,2.000000000,0,gpu,5,10,6.114601,0.130199,0.129018,0.127163,0.1388,2.452262,3.9733581542968754,0.029466,0.068278,0.022176,0.119920,c29f08653121637b456e4705d901d078cd6fc668,pinned H2D + CUDA QA encoding + pinned D2H; CPU/GPU equality checked
QA-CPU-Serial,Mersenne127,16,65536,131072,2.000000000,1,serial,5,10,2.691782,9.843573,9.841961,9.827886,9.8676,0.111983,150.20101013183594,,,,,c29f08653121637b456e4705d901d078cd6fc668,single QA codeword; existing serial per-row WHT path; output allocation included
QA-CPU-Parallel,Mersenne127,16,65536,131072,2.000000000,32,parallel-single-codeword,5,10,0.000000,18.822230,18.535671,18.309141,20.4776,3.396931,287.20443878173825,,,,,c29f08653121637b456e4705d901d078cd6fc668,single QA codeword; WHT butterfly blocks and pointwise products parallelized within the row; output allocation included
QA-GPU,Mersenne127,16,65536,131072,2.000000000,0,gpu,5,10,8.618768,0.178087,0.173944,0.172814,0.1954,4.830396,2.717393493652344,0.049568,0.076957,0.041107,0.167632,c29f08653121637b456e4705d901d078cd6fc668,pinned H2D + CUDA QA encoding + pinned D2H; CPU/GPU equality checked
QA-CPU-Serial,Mersenne127,17,131072,262144,2.000000000,1,serial,5,10,3.847659,21.289347,20.861375,20.835010,25.1103,5.983777,162.42482681274413,,,,,c29f08653121637b456e4705d901d078cd6fc668,single QA codeword; existing serial per-row WHT path; output allocation included
QA-CPU-Parallel,Mersenne127,17,131072,262144,2.000000000,32,parallel-single-codeword,5,10,0.000000,37.275308,37.221586,36.891339,37.6845,0.784178,284.3880279541016,,,,,c29f08653121637b456e4705d901d078cd6fc668,single QA codeword; WHT butterfly blocks and pointwise products parallelized within the row; output allocation included
QA-GPU,Mersenne127,17,131072,262144,2.000000000,0,gpu,5,10,14.029312,0.251403,0.251221,0.236395,0.2678,4.305947,1.9180519104003906,0.082934,0.081395,0.076768,0.241098,c29f08653121637b456e4705d901d078cd6fc668,pinned H2D + CUDA QA encoding + pinned D2H; CPU/GPU equality checked
QA-CPU-Serial,Mersenne127,18,262144,524288,2.000000000,1,serial,5,10,4.491193,44.110874,44.027228,43.960431,44.5423,0.466107,168.2696304321289,,,,,c29f08653121637b456e4705d901d078cd6fc668,single QA codeword; existing serial per-row WHT path; output allocation included
QA-CPU-Parallel,Mersenne127,18,262144,524288,2.000000000,32,parallel-single-codeword,5,10,0.000000,45.432191,45.299852,45.041876,45.8856,0.692078,173.31005592346193,,,,,c29f08653121637b456e4705d901d078cd6fc668,single QA codeword; WHT butterfly blocks and pointwise products parallelized within the row; output allocation included
QA-GPU,Mersenne127,18,262144,524288,2.000000000,0,gpu,5,10,8.563927,0.404027,0.402849,0.395249,0.4222,1.640720,1.5412414550781248,0.143027,0.102214,0.151398,0.396640,c29f08653121637b456e4705d901d078cd6fc668,pinned H2D + CUDA QA encoding + pinned D2H; CPU/GPU equality checked
QA-CPU-Serial,Mersenne127,19,524288,1048576,2.000000000,1,serial,5,10,9.245283,93.129962,92.918268,92.565629,93.8692,0.549154,177.63130474090576,,,,,c29f08653121637b456e4705d901d078cd6fc668,single QA codeword; existing serial per-row WHT path; output allocation included
QA-CPU-Parallel,Mersenne127,19,524288,1048576,2.000000000,32,parallel-single-codeword,5,10,0.000000,56.541539,56.510990,56.156372,57.0927,0.493310,107.84442672729492,,,,,c29f08653121637b456e4705d901d078cd6fc668,single QA codeword; WHT butterfly blocks and pointwise products parallelized within the row; output allocation included
QA-GPU,Mersenne127,19,524288,1048576,2.000000000,0,gpu,5,10,9.910988,0.714683,0.715866,0.696246,0.7277,1.172330,1.3631488800048828,0.249578,0.155744,0.301866,0.707187,c29f08653121637b456e4705d901d078cd6fc668,pinned H2D + CUDA QA encoding + pinned D2H; CPU/GPU equality checked
QA-CPU-Serial,Mersenne127,20,1048576,2097152,2.000000000,1,serial,5,10,18.083427,214.509754,213.991843,213.878401,216.2496,0.415163,204.57244300842288,,,,,c29f08653121637b456e4705d901d078cd6fc668,single QA codeword; existing serial per-row WHT path; output allocation included
QA-CPU-Parallel,Mersenne127,20,1048576,2097152,2.000000000,32,parallel-single-codeword,5,10,0.000000,106.165605,106.055750,105.343254,106.9573,0.408491,101.24741115570069,,,,,c29f08653121637b456e4705d901d078cd6fc668,single QA codeword; WHT butterfly blocks and pointwise products parallelized within the row; output allocation included
QA-GPU,Mersenne127,20,1048576,2097152,2.000000000,0,gpu,5,10,15.082717,1.275662,1.286029,1.246439,1.2986,1.545535,1.2165663719177247,0.423459,0.237200,0.605763,1.266422,c29f08653121637b456e4705d901d078cd6fc668,pinned H2D + CUDA QA encoding + pinned D2H; CPU/GPU equality checked
QA-CPU-Serial,Mersenne127,21,2097152,4194304,2.000000000,1,serial,5,10,39.190522,467.621129,467.419128,466.947022,469.8588,0.172564,222.9791302680969,,,,,c29f08653121637b456e4705d901d078cd6fc668,single QA codeword; existing serial per-row WHT path; output allocation included
QA-CPU-Parallel,Mersenne127,21,2097152,4194304,2.000000000,32,parallel-single-codeword,5,10,0.000000,181.276257,181.170708,179.685774,183.0878,0.647188,86.4392550468445,,,,,c29f08653121637b456e4705d901d078cd6fc668,single QA codeword; WHT butterfly blocks and pointwise products parallelized within the row; output allocation included
QA-GPU,Mersenne127,21,2097152,4194304,2.000000000,0,gpu,5,10,56.163372,2.462821,2.436776,2.378355,2.5968,2.988098,1.1743643760681153,0.749322,0.496150,1.207904,2.453376,c29f08653121637b456e4705d901d078cd6fc668,pinned H2D + CUDA QA encoding + pinned D2H; CPU/GPU equality checked
QA-CPU-Serial,Mersenne127,22,4194304,8388608,2.000000000,1,serial,5,10,77.786890,985.997119,986.108741,984.649893,987.0459,0.071747,235.08003201484678,,,,,c29f08653121637b456e4705d901d078cd6fc668,single QA codeword; existing serial per-row WHT path; output allocation included
QA-CPU-Parallel,Mersenne127,22,4194304,8388608,2.000000000,32,parallel-single-codeword,5,10,0.000000,279.217258,278.626064,276.754427,282.4634,0.630510,66.57058179378511,,,,,c29f08653121637b456e4705d901d078cd6fc668,single QA codeword; WHT butterfly blocks and pointwise products parallelized within the row; output allocation included
QA-GPU,Mersenne127,22,4194304,8388608,2.000000000,0,gpu,5,10,119.981950,4.854983,4.819691,4.810101,5.1049,1.774035,1.1575180768966673,1.345280,1.093072,2.406730,4.845082,c29f08653121637b456e4705d901d078cd6fc668,pinned H2D + CUDA QA encoding + pinned D2H; CPU/GPU equality checked
QA-CPU-Serial,Mersenne127,23,8388608,16777216,2.000000000,1,serial,5,10,155.226191,2056.443397,2059.662693,2038.745043,2062.8380,0.392682,245.1471563577652,,,,,c29f08653121637b456e4705d901d078cd6fc668,single QA codeword; existing serial per-row WHT path; output allocation included
QA-CPU-Parallel,Mersenne127,23,8388608,16777216,2.000000000,32,parallel-single-codeword,5,10,0.000000,468.704733,480.102802,429.441472,482.0928,4.211074,55.873958277702336,,,,,c29f08653121637b456e4705d901d078cd6fc668,single QA codeword; WHT butterfly blocks and pointwise products parallelized within the row; output allocation included
QA-GPU,Mersenne127,23,8388608,16777216,2.000000000,0,gpu,5,10,226.148254,13.057990,12.934637,12.832205,13.9299,2.324092,1.5566336512565615,2.634954,5.596403,4.814877,13.046233,c29f08653121637b456e4705d901d078cd6fc668,pinned H2D + CUDA QA encoding + pinned D2H; CPU/GPU equality checked
QA-CPU-Serial,Mersenne127,24,16777216,33554432,2.000000000,1,serial,5,10,310.412573,4256.383152,4253.046626,4233.484706,4280.7457,0.432089,253.700205796957,,,,,c29f08653121637b456e4705d901d078cd6fc668,single QA codeword; existing serial per-row WHT path; output allocation included
QA-CPU-Parallel,Mersenne127,24,16777216,33554432,2.000000000,32,parallel-single-codeword,5,10,0.000000,889.508658,878.438539,863.968370,937.3620,2.740906,53.01884759664536,,,,,c29f08653121637b456e4705d901d078cd6fc668,single QA codeword; WHT butterfly blocks and pointwise products parallelized within the row; output allocation included
QA-GPU,Mersenne127,24,16777216,33554432,2.000000000,0,gpu,5,10,434.700663,26.996652,27.016991,26.909069,27.0674,0.217345,1.6091258525848389,5.165942,12.151805,9.666006,26.983753,c29f08653121637b456e4705d901d078cd6fc668,pinned H2D + CUDA QA encoding + pinned D2H; CPU/GPU equality checked
QA-CPU-Serial,Mersenne127,25,33554432,67108864,2.000000000,1,serial,5,10,637.690324,9035.186393,9034.547147,8992.502795,9079.8015,0.288620,269.26953772604475,,,,,c29f08653121637b456e4705d901d078cd6fc668,single QA codeword; existing serial per-row WHT path; output allocation included
QA-CPU-Parallel,Mersenne127,25,33554432,67108864,2.000000000,32,parallel-single-codeword,5,10,0.000000,1962.290429,1964.507949,1946.927230,1973.7298,0.428057,58.480811974406244,,,,,c29f08653121637b456e4705d901d078cd6fc668,single QA codeword; WHT butterfly blocks and pointwise products parallelized within the row; output allocation included
QA-GPU,Mersenne127,25,33554432,67108864,2.000000000,0,gpu,5,10,899.204801,55.526175,55.533223,55.261231,55.8932,0.311401,1.654808959364891,10.484637,25.752605,19.270602,55.507843,c29f08653121637b456e4705d901d078cd6fc668,pinned H2D + CUDA QA encoding + pinned D2H; CPU/GPU equality checked
QA-CPU-Serial,Mersenne127,26,67108864,134217728,2.000000000,1,serial,5,10,1265.625643,19016.964293,19006.386968,18916.295840,19106.7378,0.349342,283.37485034018755,,,,,c29f08653121637b456e4705d901d078cd6fc668,single QA codeword; existing serial per-row WHT path; output allocation included
QA-CPU-Parallel,Mersenne127,26,67108864,134217728,2.000000000,32,parallel-single-codeword,5,10,0.000000,4002.546105,4001.935143,3984.434105,4019.1287,0.264021,59.64258469492198,,,,,c29f08653121637b456e4705d901d078cd6fc668,single QA codeword; WHT butterfly blocks and pointwise products parallelized within the row; output allocation included
